{
  "project_info": {
    "project_number": "611129670110",
    "project_id": "colloquiums-7830b",
    "storage_bucket": "colloquiums-7830b.appspot.com"
  },
  "client": [
    {
      "client_info": {
        "mobilesdk_app_id": "1:611129670110:android:315f769a929ed4b82cc54f",
        "android_client_info": {
          "package_name": "mk.ukim.finki"
        }
      },
      "oauth_client": [],
      "api_key": [
        {
          "current_key": "AIzaSyCaCLfatg2AHs9MOrJ72XRMxWWFdoVGBeI"
        }
      ],
      "services": {
        "appinvite_service": {
          "other_platform_oauth_client": []
        }
      }
    }
  ],
  "configuration_version": "1"
}